<?xml version="1.0" encoding="UTF-8"?>
<!DOCTYPE mapper PUBLIC "-//mybatis.org//DTD Mapper 3.0//EN" "http://mybatis.org/dtd/mybatis-3-mapper.dtd">
<mapper namespace="com.ssm.mapper.ItemsMapperCustom">

	<sql id="query_items_where">
		<!-- 使用动态sql,通过if判断，满足条件进行sql拼接 -->
		<if test="itemsCustom!=null">
			<if test="itemsCustom.name!=null and itemsCustom.name!=''">
				items.name LIKE '%${itemsCustom.name}%'
			</if>
		</if>
	</sql>

  <!-- 商品列表查询 -->
  <select id="findItemsList" parameterType="com.ssm.po.ItemsQueryVo" resultType="com.ssm.po.ItemsCustom">
  	SELECT * FROM items
  	<where>
  		<include refid="query_items_where"></include>
  	</where>
  </select>
</mapper>